string,p
000000000000,0.35118
000000001000,0.034
100000000000,0.03384
001000000000,0.03268
000000010000,0.0325
000100000000,0.0323
000010000000,0.0321
000000000010,0.0319
010000000000,0.03184
000001000000,0.03166
